{
    "schemes": [
        "http"
    ],
    "swagger": "2.0",
    "info": {
        "title": "Card crud for test bdui",
        "contact": {
            "name": "Alex \"bustard\" Provor",
            "url": "https://breezy.su",
            "email": "help@breezy.su"
        },
        "version": "test"
    },
    "host": "localhost:8080",
    "basePath": "/",
    "paths": {
        "/api/card/all": {
            "get": {
                "description": "Возвращает список всех карточек",
                "produces": [
                    "application/json"
                ],
                "tags": [
                    "cards"
                ],
                "summary": "Получить все карточки",
                "responses": {
                    "200": {
                        "description": "OK",
                        "schema": {
                            "$ref": "#/definitions/views.SWGCardListResponse"
                        }
                    },
                    "500": {
                        "description": "Internal Server Error",
                        "schema": {
                            "$ref": "#/definitions/views.SWGErrorResponse"
                        }
                    },
                    "502": {
                        "description": "Bad Gateway",
                        "schema": {
                            "$ref": "#/definitions/views.SWGErrorResponse"
                        }
                    }
                }
            }
        },
        "/api/card/all/limit": {
            "get": {
                "description": "Возвращает список карточек с пагинацией",
                "produces": [
                    "application/json"
                ],
                "tags": [
                    "cards"
                ],
                "summary": "Получить все карточки",
                "parameters": [
                    {
                        "type": "integer",
                        "description": "Начальная позиция (offset)",
                        "name": "from",
                        "in": "query"
                    },
                    {
                        "type": "integer",
                        "description": "Конечная позиция",
                        "name": "to",
                        "in": "query"
                    }
                ],
                "responses": {
                    "200": {
                        "description": "OK",
                        "schema": {
                            "$ref": "#/definitions/views.SWGCardListResponse"
                        }
                    },
                    "400": {
                        "description": "Bad Request",
                        "schema": {
                            "$ref": "#/definitions/views.SWGErrorResponse"
                        }
                    },
                    "500": {
                        "description": "Internal Server Error",
                        "schema": {
                            "$ref": "#/definitions/views.SWGErrorResponse"
                        }
                    },
                    "502": {
                        "description": "Bad Gateway",
                        "schema": {
                            "$ref": "#/definitions/views.SWGErrorResponse"
                        }
                    }
                }
            }
        },
        "/api/card/create": {
            "post": {
                "description": "Добавляет новый card",
                "consumes": [
                    "application/json"
                ],
                "produces": [
                    "application/json"
                ],
                "tags": [
                    "cards"
                ],
                "summary": "Создать новый card",
                "parameters": [
                    {
                        "description": "Данные нового card",
                        "name": "brand",
                        "in": "body",
                        "required": true,
                        "schema": {
                            "$ref": "#/definitions/views.Card"
                        }
                    }
                ],
                "responses": {
                    "200": {
                        "description": "OK",
                        "schema": {
                            "$ref": "#/definitions/views.SWGSuccessResponse"
                        }
                    },
                    "400": {
                        "description": "Bad Request",
                        "schema": {
                            "$ref": "#/definitions/views.SWGErrorResponse"
                        }
                    },
                    "500": {
                        "description": "Internal Server Error",
                        "schema": {
                            "$ref": "#/definitions/views.SWGErrorResponse"
                        }
                    },
                    "502": {
                        "description": "Bad Gateway",
                        "schema": {
                            "$ref": "#/definitions/views.SWGErrorResponse"
                        }
                    }
                }
            }
        },
        "/api/card/delete": {
            "delete": {
                "description": "Удаляет card по ID",
                "produces": [
                    "application/json"
                ],
                "tags": [
                    "cards"
                ],
                "summary": "Удалить card",
                "parameters": [
                    {
                        "type": "string",
                        "description": "ID card",
                        "name": "id",
                        "in": "query",
                        "required": true
                    }
                ],
                "responses": {
                    "200": {
                        "description": "OK",
                        "schema": {
                            "$ref": "#/definitions/views.SWGSuccessResponse"
                        }
                    },
                    "400": {
                        "description": "Bad Request",
                        "schema": {
                            "$ref": "#/definitions/views.SWGErrorResponse"
                        }
                    },
                    "500": {
                        "description": "Internal Server Error",
                        "schema": {
                            "$ref": "#/definitions/views.SWGErrorResponse"
                        }
                    },
                    "502": {
                        "description": "Bad Gateway",
                        "schema": {
                            "$ref": "#/definitions/views.SWGErrorResponse"
                        }
                    }
                }
            }
        },
        "/api/card/update": {
            "put": {
                "description": "Обновляет информацию о card по ID",
                "consumes": [
                    "application/json"
                ],
                "produces": [
                    "application/json"
                ],
                "tags": [
                    "cards"
                ],
                "summary": "Обновить card",
                "parameters": [
                    {
                        "type": "string",
                        "description": "ID card",
                        "name": "id",
                        "in": "query",
                        "required": true
                    },
                    {
                        "description": "Данные card",
                        "name": "brand",
                        "in": "body",
                        "required": true,
                        "schema": {
                            "$ref": "#/definitions/views.Card"
                        }
                    }
                ],
                "responses": {
                    "200": {
                        "description": "OK",
                        "schema": {
                            "$ref": "#/definitions/views.SWGSuccessResponse"
                        }
                    },
                    "400": {
                        "description": "Bad Request",
                        "schema": {
                            "$ref": "#/definitions/views.SWGErrorResponse"
                        }
                    },
                    "500": {
                        "description": "Internal Server Error",
                        "schema": {
                            "$ref": "#/definitions/views.SWGErrorResponse"
                        }
                    },
                    "502": {
                        "description": "Bad Gateway",
                        "schema": {
                            "$ref": "#/definitions/views.SWGErrorResponse"
                        }
                    }
                }
            }
        }
    },
    "definitions": {
        "views.Card": {
            "type": "object",
            "properties": {
                "id": {
                    "type": "string"
                },
                "imageUrl": {
                    "type": "string"
                },
                "isFavorite": {
                    "type": "boolean"
                },
                "isSelected": {
                    "type": "boolean"
                },
                "price": {
                    "type": "number"
                },
                "quantity": {
                    "type": "string"
                },
                "title": {
                    "type": "string"
                }
            }
        },
        "views.SWGCardListResponse": {
            "type": "object",
            "properties": {
                "cards": {
                    "type": "array",
                    "items": {
                        "$ref": "#/definitions/views.Card"
                    }
                }
            }
        },
        "views.SWGErrorResponse": {
            "type": "object",
            "properties": {
                "error": {
                    "type": "string",
                    "example": "something went wrong"
                }
            }
        },
        "views.SWGSuccessResponse": {
            "type": "object",
            "properties": {
                "answer": {
                    "type": "string",
                    "example": "operation successful"
                }
            }
        }
    }
}